bitcoin_price,bitcoin_price_var,bit_eth_price,bit_eth_price_var,datetime
32840.72,10.44,13.18,10.44,2021-06-08 15:27:17.211590
32845.68,10.3,13.21,10.3,2021-06-08 15:27:39.472742
32845.68,10.3,13.21,10.3,2021-06-08 15:28:11.501833
32845.68,10.3,13.21,10.3,2021-06-08 15:28:29.657615
32845.68,10.3,13.21,10.3,2021-06-08 15:29:12.069820
32845.68,10.3,13.21,10.3,2021-06-08 15:29:22.727238
32845.68,10.3,13.21,10.3,2021-06-08 15:29:29.671108
31830.83,11.8,13.22,11.8,2021-06-08 16:30:55.382811
31830.83,11.8,13.22,11.8,2021-06-08 16:32:52.221397
31916.64,11.59,13.29,11.59,2021-06-08 16:33:33.477689
31916.64,11.59,13.29,11.59,2021-06-08 16:35:28.926959
31935.5,11.45,13.34,11.45,2021-06-08 16:40:28.911928
31935.5,11.45,13.34,11.45,2021-06-08 16:45:28.823931
31802.87,11.64,13.28,11.64,2021-06-08 16:50:32.340464
31743.46,11.75,13.38,11.75,2021-06-08 16:55:38.764374
31747.88,12.03,13.3,12.03,2021-06-08 17:00:46.385517
31747.88,12.03,13.3,12.03,2021-06-08 17:01:14.132746
31617.2,12.31,13.41,12.31,2021-06-08 17:12:59.754580
31617.2,12.31,13.41,12.31,2021-06-08 17:13:29.874381
31617.2,12.31,13.41,12.31,2021-06-08 17:14:25.164349
31617.2,12.31,13.41,12.31,2021-06-08 17:15:21.419431
31617.2,12.31,13.41,12.31,2021-06-08 17:16:17.178414
31617.2,12.31,13.41,12.31,2021-06-08 17:17:23.557454
31560.97,12.59,13.48,12.59,2021-06-08 17:18:41.585677
31560.97,12.59,13.48,12.59,2021-06-08 17:19:39.661945
31560.97,12.59,13.48,12.59,2021-06-08 17:20:34.811713
31560.97,12.59,13.48,12.59,2021-06-08 17:21:30.357924
31560.97,12.59,13.48,12.59,2021-06-08 17:22:50.780152
40101.7,0.7,15.45,0.7,2021-06-15 12:03:59.406914
40101.7,0.7,15.45,0.7,2021-06-15 12:04:06.677979
40101.7,0.7,15.45,0.7,2021-06-15 12:04:06.768326
40101.7,0.7,15.45,0.7,2021-06-15 12:04:06.855732
40101.7,0.7,15.45,0.7,2021-06-15 12:04:06.964488
40101.7,0.7,15.45,0.7,2021-06-15 12:04:07.058187
40101.7,0.7,15.45,0.7,2021-06-15 12:04:07.158624
40101.7,0.7,15.45,0.7,2021-06-15 12:04:07.261134
40101.7,0.7,15.45,0.7,2021-06-15 12:04:07.366869
40101.7,0.7,15.45,0.7,2021-06-15 12:04:07.468943
40101.7,0.7,15.45,0.7,2021-06-15 12:04:07.563018
40101.7,0.7,15.45,0.7,2021-06-15 12:04:07.649266
40101.7,0.7,15.45,0.7,2021-06-15 12:04:07.815438
40101.7,0.7,15.45,0.7,2021-06-15 12:04:07.916494
40101.7,0.7,15.45,0.7,2021-06-15 12:04:08.023323
40101.7,0.7,15.45,0.7,2021-06-15 12:04:08.141414
40101.7,0.7,15.45,0.7,2021-06-15 12:04:08.233699
40101.7,0.7,15.45,0.7,2021-06-15 12:04:08.347153
40101.7,0.7,15.45,0.7,2021-06-15 12:04:08.447322
40101.7,0.7,15.45,0.7,2021-06-15 12:04:08.546242
40101.7,0.7,15.45,0.7,2021-06-15 12:04:08.653565
40101.7,0.7,15.45,0.7,2021-06-15 12:04:08.757214
40101.7,0.7,15.45,0.7,2021-06-15 12:04:08.853824
40101.7,0.7,15.45,0.7,2021-06-15 12:04:08.989617
40101.7,0.7,15.45,0.7,2021-06-15 12:04:09.096661
40101.7,0.7,15.45,0.7,2021-06-15 12:04:09.187354
40101.7,0.7,15.45,0.7,2021-06-15 12:04:09.284235
40101.7,0.7,15.45,0.7,2021-06-15 12:04:09.396994
40101.7,0.7,15.45,0.7,2021-06-15 12:04:09.513910
40101.7,0.7,15.45,0.7,2021-06-15 12:04:09.598882
40101.7,0.7,15.45,0.7,2021-06-15 12:04:09.702228
40101.7,0.7,15.45,0.7,2021-06-15 12:04:09.833561
40101.7,0.7,15.45,0.7,2021-06-15 12:04:09.958303
40101.7,0.7,15.45,0.7,2021-06-15 12:04:10.051840
40101.7,0.7,15.45,0.7,2021-06-15 12:04:10.153049
40101.7,0.7,15.45,0.7,2021-06-15 12:04:10.240235
40101.7,0.7,15.45,0.7,2021-06-15 12:04:10.330314
40101.7,0.7,15.45,0.7,2021-06-15 12:04:10.431671
40101.7,0.7,15.45,0.7,2021-06-15 12:04:10.576472
40101.7,0.7,15.45,0.7,2021-06-15 12:04:10.662371
40101.7,0.7,15.45,0.7,2021-06-15 12:04:10.741657
40101.7,0.7,15.45,0.7,2021-06-15 12:04:10.834088
40101.7,0.7,15.45,0.7,2021-06-15 12:04:10.928391
40101.7,0.7,15.45,0.7,2021-06-15 12:04:11.017638
40101.7,0.7,15.45,0.7,2021-06-15 12:04:11.113531
40101.7,0.7,15.45,0.7,2021-06-15 12:04:11.201828
40101.7,0.7,15.45,0.7,2021-06-15 12:04:11.301813
40101.7,0.7,15.45,0.7,2021-06-15 12:04:11.405704
40101.7,0.7,15.45,0.7,2021-06-15 12:04:11.535145
40101.7,0.7,15.45,0.7,2021-06-15 12:04:11.666677
40101.7,0.7,15.45,0.7,2021-06-15 12:04:11.762956
40101.7,0.7,15.45,0.7,2021-06-15 12:04:11.853842
40101.7,0.7,15.45,0.7,2021-06-15 12:04:11.944218
40101.7,0.7,15.45,0.7,2021-06-15 12:04:12.059453
40101.7,0.7,15.45,0.7,2021-06-15 12:04:12.182627
40101.7,0.7,15.45,0.7,2021-06-15 12:04:12.280283
40101.7,0.7,15.45,0.7,2021-06-15 12:04:12.363284
40101.7,0.7,15.45,0.7,2021-06-15 12:04:12.482586
40101.7,0.7,15.45,0.7,2021-06-15 12:04:12.579766
40101.7,0.7,15.45,0.7,2021-06-15 12:04:12.664641
40101.7,0.7,15.45,0.7,2021-06-15 12:04:12.769867
40101.7,0.7,15.45,0.7,2021-06-15 12:04:12.876835
40101.7,0.7,15.45,0.7,2021-06-15 12:04:13.004266
40101.7,0.7,15.45,0.7,2021-06-15 12:04:13.094317
40101.7,0.7,15.45,0.7,2021-06-15 12:04:13.184372
40101.7,0.7,15.45,0.7,2021-06-15 12:04:13.314070
40101.7,0.7,15.45,0.7,2021-06-15 12:04:13.408177
40101.7,0.7,15.45,0.7,2021-06-15 12:04:13.541697
40101.7,0.7,15.45,0.7,2021-06-15 12:04:13.646917
40101.7,0.7,15.45,0.7,2021-06-15 12:04:13.746107
40101.7,0.7,15.45,0.7,2021-06-15 12:04:13.840282
40101.7,0.7,15.45,0.7,2021-06-15 12:04:13.955635
40101.7,0.7,15.45,0.7,2021-06-15 12:04:14.057843
40101.7,0.7,15.45,0.7,2021-06-15 12:04:14.153091
40101.7,0.7,15.45,0.7,2021-06-15 12:04:14.276438
40101.7,0.7,15.45,0.7,2021-06-15 12:04:14.364848
40101.7,0.7,15.45,0.7,2021-06-15 12:04:14.464519
40101.7,0.7,15.45,0.7,2021-06-15 12:04:14.576645
40101.7,0.7,15.45,0.7,2021-06-15 12:04:14.686677
40101.7,0.7,15.45,0.7,2021-06-15 12:04:14.772615
40101.7,0.7,15.45,0.7,2021-06-15 12:04:14.857354
40101.7,0.7,15.45,0.7,2021-06-15 12:04:14.945834
40101.7,0.7,15.45,0.7,2021-06-15 12:04:15.067089
40101.7,0.7,15.45,0.7,2021-06-15 12:04:15.202655
40101.7,0.7,15.45,0.7,2021-06-15 12:04:15.296666
40101.7,0.7,15.45,0.7,2021-06-15 12:04:15.382713
40101.7,0.7,15.45,0.7,2021-06-15 12:04:15.465439
40101.7,0.7,15.45,0.7,2021-06-15 12:04:15.555322
40101.7,0.7,15.45,0.7,2021-06-15 12:04:15.666135
40101.7,0.7,15.45,0.7,2021-06-15 12:04:15.755870
40101.7,0.7,15.45,0.7,2021-06-15 12:04:15.850800
40101.7,0.7,15.45,0.7,2021-06-15 12:04:15.947185
40101.7,0.7,15.45,0.7,2021-06-15 12:04:16.037391
40101.7,0.7,15.45,0.7,2021-06-15 12:04:16.150360
40101.7,0.7,15.45,0.7,2021-06-15 12:04:16.245195
40101.7,0.7,15.45,0.7,2021-06-15 12:04:16.332248
40101.7,0.7,15.45,0.7,2021-06-15 12:04:16.417512
40101.7,0.7,15.45,0.7,2021-06-15 12:04:16.503727
40101.7,0.7,15.45,0.7,2021-06-15 12:04:16.593533
40101.7,0.7,15.45,0.7,2021-06-15 12:04:16.726703
40101.7,0.7,15.45,0.7,2021-06-15 12:04:16.819388
40101.7,0.7,15.45,0.7,2021-06-15 12:04:16.908609
40101.7,0.7,15.45,0.7,2021-06-15 12:04:17.023135
40101.7,0.7,15.45,0.7,2021-06-15 12:04:17.114938
40101.7,0.7,15.45,0.7,2021-06-15 12:04:17.209930
40101.7,0.7,15.45,0.7,2021-06-15 12:04:17.307160
40101.7,0.7,15.45,0.7,2021-06-15 12:04:17.387607
40101.7,0.7,15.45,0.7,2021-06-15 12:04:17.485871
40101.7,0.7,15.45,0.7,2021-06-15 12:04:17.604631
40101.7,0.7,15.45,0.7,2021-06-15 12:04:17.692074
40101.7,0.7,15.45,0.7,2021-06-15 12:04:17.784302
40101.7,0.7,15.45,0.7,2021-06-15 12:04:17.879509
40101.7,0.7,15.45,0.7,2021-06-15 12:04:17.978070
40101.7,0.7,15.45,0.7,2021-06-15 12:04:18.064302
40101.7,0.7,15.45,0.7,2021-06-15 12:04:18.157921
40101.7,0.7,15.45,0.7,2021-06-15 12:04:18.276775
40101.7,0.7,15.45,0.7,2021-06-15 12:04:18.362122
40101.7,0.7,15.45,0.7,2021-06-15 12:04:18.461105
40101.7,0.7,15.45,0.7,2021-06-15 12:04:18.574895
40101.7,0.7,15.45,0.7,2021-06-15 12:04:18.663064
40101.7,0.7,15.45,0.7,2021-06-15 12:04:18.758079
40101.7,0.7,15.45,0.7,2021-06-15 12:04:18.849715
40101.7,0.7,15.45,0.7,2021-06-15 12:04:18.951779
40101.7,0.7,15.45,0.7,2021-06-15 12:04:19.033920
40101.7,0.7,15.45,0.7,2021-06-15 12:04:19.147903
40101.7,0.7,15.45,0.7,2021-06-15 12:04:19.237470
40101.7,0.7,15.45,0.7,2021-06-15 12:04:19.327003
40101.7,0.7,15.45,0.7,2021-06-15 12:04:19.418167
40101.7,0.7,15.45,0.7,2021-06-15 12:04:19.516545
40101.7,0.7,15.45,0.7,2021-06-15 12:04:19.614994
40101.7,0.7,15.45,0.7,2021-06-15 12:04:19.707216
40101.7,0.7,15.45,0.7,2021-06-15 12:04:19.811231
40101.7,0.7,15.45,0.7,2021-06-15 12:04:19.946543
40101.7,0.7,15.45,0.7,2021-06-15 12:04:20.035123
40101.7,0.7,15.45,0.7,2021-06-15 12:04:20.125264
40101.7,0.7,15.45,0.7,2021-06-15 12:04:20.227115
40101.7,0.7,15.45,0.7,2021-06-15 12:04:20.320021
40101.7,0.7,15.45,0.7,2021-06-15 12:04:20.428935
40101.7,0.7,15.45,0.7,2021-06-15 12:04:20.526265
40101.7,0.7,15.45,0.7,2021-06-15 12:04:20.644489
40101.7,0.7,15.45,0.7,2021-06-15 12:04:20.733219
40101.7,0.7,15.45,0.7,2021-06-15 12:04:20.823140
40101.7,0.7,15.45,0.7,2021-06-15 12:04:20.914945
40101.7,0.7,15.45,0.7,2021-06-15 12:04:21.006504
40101.7,0.7,15.45,0.7,2021-06-15 12:04:21.105894
40101.7,0.7,15.45,0.7,2021-06-15 12:04:21.214652
40101.7,0.7,15.45,0.7,2021-06-15 12:04:21.310607
40101.7,0.7,15.45,0.7,2021-06-15 12:04:21.401721
40101.7,0.7,15.45,0.7,2021-06-15 12:04:21.550445
40101.7,0.7,15.45,0.7,2021-06-15 12:04:21.685240
40101.7,0.7,15.45,0.7,2021-06-15 12:04:21.775960
40101.7,0.7,15.45,0.7,2021-06-15 12:04:21.884426
40101.7,0.7,15.45,0.7,2021-06-15 12:04:21.974965
40101.7,0.7,15.45,0.7,2021-06-15 12:04:22.099997
40101.7,0.7,15.45,0.7,2021-06-15 12:04:22.191221
40101.7,0.7,15.45,0.7,2021-06-15 12:04:22.345049
40101.7,0.7,15.45,0.7,2021-06-15 12:04:22.430050
40101.7,0.7,15.45,0.7,2021-06-15 12:04:22.516504
40101.7,0.7,15.45,0.7,2021-06-15 12:04:22.602489
40101.7,0.7,15.45,0.7,2021-06-15 12:04:22.694527
40101.7,0.7,15.45,0.7,2021-06-15 12:04:22.787673
40101.7,0.7,15.45,0.7,2021-06-15 12:04:22.879836
40101.7,0.7,15.45,0.7,2021-06-15 12:04:22.969944
40101.7,0.7,15.45,0.7,2021-06-15 12:04:23.098545
40101.7,0.7,15.45,0.7,2021-06-15 12:04:23.211832
40101.7,0.7,15.45,0.7,2021-06-15 12:04:23.345759
40101.7,0.7,15.45,0.7,2021-06-15 12:04:23.447807
40101.7,0.7,15.45,0.7,2021-06-15 12:04:23.553526
40101.7,0.7,15.45,0.7,2021-06-15 12:04:23.668318
40101.7,0.7,15.45,0.7,2021-06-15 12:04:23.751175
40101.7,0.7,15.45,0.7,2021-06-15 12:04:23.839695
40101.7,0.7,15.45,0.7,2021-06-15 12:04:23.942082
40101.7,0.7,15.45,0.7,2021-06-15 12:04:24.034965
40101.7,0.7,15.45,0.7,2021-06-15 12:04:24.118145
40101.7,0.7,15.45,0.7,2021-06-15 12:04:24.222073
40101.7,0.7,15.45,0.7,2021-06-15 12:04:24.317954
40101.7,0.7,15.45,0.7,2021-06-15 12:04:24.448616
40101.7,0.7,15.45,0.7,2021-06-15 12:04:24.541422
40101.7,0.7,15.45,0.7,2021-06-15 12:04:24.650875
40101.7,0.7,15.45,0.7,2021-06-15 12:04:24.749832
40101.7,0.7,15.45,0.7,2021-06-15 12:04:24.851502
40101.7,0.7,15.45,0.7,2021-06-15 12:04:24.936763
40101.7,0.7,15.45,0.7,2021-06-15 12:04:25.078310
40101.7,0.7,15.45,0.7,2021-06-15 12:04:25.175364
40101.7,0.7,15.45,0.7,2021-06-15 12:04:25.270625
40101.7,0.7,15.45,0.7,2021-06-15 12:04:25.360097
40101.7,0.7,15.45,0.7,2021-06-15 12:04:25.444165
40101.7,0.7,15.45,0.7,2021-06-15 12:04:25.545745
40101.7,0.7,15.45,0.7,2021-06-15 12:04:25.634043
40101.7,0.7,15.45,0.7,2021-06-15 12:04:25.723936
40101.7,0.7,15.45,0.7,2021-06-15 12:04:25.824893
40101.7,0.7,15.45,0.7,2021-06-15 12:04:25.929041
40101.7,0.7,15.45,0.7,2021-06-15 12:04:26.056034
40101.7,0.7,15.45,0.7,2021-06-15 12:04:26.159113
40101.7,0.7,15.45,0.7,2021-06-15 12:04:26.259349
40101.7,0.7,15.45,0.7,2021-06-15 12:04:26.363954
40101.7,0.7,15.45,0.7,2021-06-15 12:04:26.453860
40101.7,0.7,15.45,0.7,2021-06-15 12:04:26.579827
40101.7,0.7,15.45,0.7,2021-06-15 12:04:26.696356
40101.7,0.7,15.45,0.7,2021-06-15 12:04:26.788541
40101.7,0.7,15.45,0.7,2021-06-15 12:04:26.882852
40101.7,0.7,15.45,0.7,2021-06-15 12:04:26.997505
40101.7,0.7,15.45,0.7,2021-06-15 12:04:27.082884
40101.7,0.7,15.45,0.7,2021-06-15 12:04:27.205935
40101.7,0.7,15.45,0.7,2021-06-15 12:04:27.297544
40101.7,0.7,15.45,0.7,2021-06-15 12:04:27.383795
40101.7,0.7,15.45,0.7,2021-06-15 12:04:27.483618
40101.7,0.7,15.45,0.7,2021-06-15 12:04:27.572211
40101.7,0.7,15.45,0.7,2021-06-15 12:04:27.667920
40101.7,0.7,15.45,0.7,2021-06-15 12:04:27.769667
40101.7,0.7,15.45,0.7,2021-06-15 12:04:27.872810
40101.7,0.7,15.45,0.7,2021-06-15 12:04:27.958257
40101.7,0.7,15.45,0.7,2021-06-15 12:04:28.054311
40101.7,0.7,15.45,0.7,2021-06-15 12:04:28.140167
40101.7,0.7,15.45,0.7,2021-06-15 12:04:28.237488
40101.7,0.7,15.45,0.7,2021-06-15 12:04:28.360582
40101.7,0.7,15.45,0.7,2021-06-15 12:04:28.449070
40101.7,0.7,15.45,0.7,2021-06-15 12:04:28.579963
40101.7,0.7,15.45,0.7,2021-06-15 12:04:28.684180
40101.7,0.7,15.45,0.7,2021-06-15 12:04:28.803586
40101.7,0.7,15.45,0.7,2021-06-15 12:04:28.889809
40101.7,0.7,15.45,0.7,2021-06-15 12:04:28.978132
40101.7,0.7,15.45,0.7,2021-06-15 12:04:29.072847
40101.7,0.7,15.45,0.7,2021-06-15 12:04:29.169304
40101.7,0.7,15.45,0.7,2021-06-15 12:04:29.265358
40101.7,0.7,15.45,0.7,2021-06-15 12:04:29.346618
40101.7,0.7,15.45,0.7,2021-06-15 12:04:29.435221
40101.7,0.7,15.45,0.7,2021-06-15 12:04:29.529797
40101.7,0.7,15.45,0.7,2021-06-15 12:04:29.629914
40101.7,0.7,15.45,0.7,2021-06-15 12:04:29.719835
40101.7,0.7,15.45,0.7,2021-06-15 12:04:29.827219
40101.7,0.7,15.45,0.7,2021-06-15 12:04:29.927015
40101.7,0.7,15.45,0.7,2021-06-15 12:04:30.036392
40101.7,0.7,15.45,0.7,2021-06-15 12:04:30.135606
40101.7,0.7,15.45,0.7,2021-06-15 12:04:30.221812
40101.7,0.7,15.45,0.7,2021-06-15 12:04:30.327392
40101.7,0.7,15.45,0.7,2021-06-15 12:04:30.438745
40101.7,0.7,15.45,0.7,2021-06-15 12:04:30.562414
40101.7,0.7,15.45,0.7,2021-06-15 12:04:30.659250
40101.7,0.7,15.45,0.7,2021-06-15 12:04:30.791024
40101.7,0.7,15.45,0.7,2021-06-15 12:04:30.878400
40101.7,0.7,15.45,0.7,2021-06-15 12:04:30.967001
40101.7,0.7,15.45,0.7,2021-06-15 12:04:31.067605
40101.7,0.7,15.45,0.7,2021-06-15 12:04:31.172415
40101.7,0.7,15.45,0.7,2021-06-15 12:04:31.263542
40101.7,0.7,15.45,0.7,2021-06-15 12:04:31.353169
40101.7,0.7,15.45,0.7,2021-06-15 12:04:31.442051
40101.7,0.7,15.45,0.7,2021-06-15 12:04:31.553505
40101.7,0.7,15.45,0.7,2021-06-15 12:04:31.711984
40101.7,0.7,15.45,0.7,2021-06-15 12:04:31.813728
40101.7,0.7,15.45,0.7,2021-06-15 12:04:31.908738
40101.7,0.7,15.45,0.7,2021-06-15 12:04:32.028343
40101.7,0.7,15.45,0.7,2021-06-15 12:04:32.126150
40101.7,0.7,15.45,0.7,2021-06-15 12:04:32.220415
40101.7,0.7,15.45,0.7,2021-06-15 12:04:32.313681
40101.7,0.7,15.45,0.7,2021-06-15 12:04:32.399502
40101.7,0.7,15.45,0.7,2021-06-15 12:04:32.488289
40101.7,0.7,15.45,0.7,2021-06-15 12:04:32.585815
40101.7,0.7,15.45,0.7,2021-06-15 12:04:32.689433
40101.7,0.7,15.45,0.7,2021-06-15 12:04:32.804432
40101.7,0.7,15.45,0.7,2021-06-15 12:04:32.891171
40101.7,0.7,15.45,0.7,2021-06-15 12:04:32.996183
40101.7,0.7,15.45,0.7,2021-06-15 12:04:33.122702
40101.7,0.7,15.45,0.7,2021-06-15 12:04:33.217023
40101.7,0.7,15.45,0.7,2021-06-15 12:04:33.309480
40101.7,0.7,15.45,0.7,2021-06-15 12:04:33.427439
40101.7,0.7,15.45,0.7,2021-06-15 12:04:33.524229
40101.7,0.7,15.45,0.7,2021-06-15 12:04:33.649702
40101.7,0.7,15.45,0.7,2021-06-15 12:04:33.745404
40101.7,0.7,15.45,0.7,2021-06-15 12:04:33.831220
40101.7,0.7,15.45,0.7,2021-06-15 12:04:33.922971
40101.7,0.7,15.45,0.7,2021-06-15 12:04:34.024579
40101.7,0.7,15.45,0.7,2021-06-15 12:04:34.144826
40101.7,0.7,15.45,0.7,2021-06-15 12:04:34.243812
40101.7,0.7,15.45,0.7,2021-06-15 12:04:34.369009
40101.7,0.7,15.45,0.7,2021-06-15 12:04:34.466830
40101.7,0.7,15.45,0.7,2021-06-15 12:04:34.556990
40101.7,0.7,15.45,0.7,2021-06-15 12:04:34.643986
40101.7,0.7,15.45,0.7,2021-06-15 12:04:34.737045
40101.7,0.7,15.45,0.7,2021-06-15 12:04:34.831685
40101.7,0.7,15.45,0.7,2021-06-15 12:04:34.925977
40101.7,0.7,15.45,0.7,2021-06-15 12:04:35.053756
40101.7,0.7,15.45,0.7,2021-06-15 12:04:35.139281
40101.7,0.7,15.45,0.7,2021-06-15 12:04:35.229060
40101.7,0.7,15.45,0.7,2021-06-15 12:04:35.326338
40101.7,0.7,15.45,0.7,2021-06-15 12:04:35.409257
40101.7,0.7,15.45,0.7,2021-06-15 12:04:35.524133
40101.7,0.7,15.45,0.7,2021-06-15 12:04:35.614481
40101.7,0.7,15.45,0.7,2021-06-15 12:04:35.721895
40101.7,0.7,15.45,0.7,2021-06-15 12:04:35.814454
40101.7,0.7,15.45,0.7,2021-06-15 12:04:35.905129
40101.7,0.7,15.45,0.7,2021-06-15 12:04:36.011503
40101.7,0.7,15.45,0.7,2021-06-15 12:04:36.114255
40101.7,0.7,15.45,0.7,2021-06-15 12:04:36.213545
40101.7,0.7,15.45,0.7,2021-06-15 12:04:36.312739
40101.7,0.7,15.45,0.7,2021-06-15 12:04:36.415172
40101.7,0.7,15.45,0.7,2021-06-15 12:04:36.519474
40101.7,0.7,15.45,0.7,2021-06-15 12:04:36.628652
40101.7,0.7,15.45,0.7,2021-06-15 12:04:36.741044
40101.7,0.7,15.45,0.7,2021-06-15 12:04:36.843882
40101.7,0.7,15.45,0.7,2021-06-15 12:04:36.933351
40101.7,0.7,15.45,0.7,2021-06-15 12:04:37.047032
40101.7,0.7,15.45,0.7,2021-06-15 12:04:37.161711
40101.7,0.7,15.45,0.7,2021-06-15 12:04:37.281063
40101.7,0.7,15.45,0.7,2021-06-15 12:04:37.366473
40101.7,0.7,15.45,0.7,2021-06-15 12:04:37.456899
40101.7,0.7,15.45,0.7,2021-06-15 12:04:37.567820
40101.7,0.7,15.45,0.7,2021-06-15 12:04:37.655277
40101.7,0.7,15.45,0.7,2021-06-15 12:04:37.762128
40101.7,0.7,15.45,0.7,2021-06-15 12:04:37.844734
40101.7,0.7,15.45,0.7,2021-06-15 12:04:37.938185
40101.7,0.7,15.45,0.7,2021-06-15 12:04:38.036946
40101.7,0.7,15.45,0.7,2021-06-15 12:04:38.114436
40101.7,0.7,15.45,0.7,2021-06-15 12:04:38.214201
40101.7,0.7,15.45,0.7,2021-06-15 12:04:38.333366
40101.7,0.7,15.45,0.7,2021-06-15 12:04:38.493290
40101.7,0.7,15.45,0.7,2021-06-15 12:04:38.599826
40101.7,0.7,15.45,0.7,2021-06-15 12:04:38.693120
40101.7,0.7,15.45,0.7,2021-06-15 12:04:38.791661
40101.7,0.7,15.45,0.7,2021-06-15 12:04:38.890462
40101.7,0.7,15.45,0.7,2021-06-15 12:04:38.979038
40101.7,0.7,15.45,0.7,2021-06-15 12:04:39.065614
40101.7,0.7,15.45,0.7,2021-06-15 12:04:39.165062
40101.7,0.7,15.45,0.7,2021-06-15 12:04:39.262067
40101.7,0.7,15.45,0.7,2021-06-15 12:04:39.376576
40101.7,0.7,15.45,0.7,2021-06-15 12:04:39.461806
40101.7,0.7,15.45,0.7,2021-06-15 12:04:39.579505
40101.7,0.7,15.45,0.7,2021-06-15 12:04:39.667392
40101.7,0.7,15.45,0.7,2021-06-15 12:04:39.764410
40101.7,0.7,15.45,0.7,2021-06-15 12:04:39.875668
40101.7,0.7,15.45,0.7,2021-06-15 12:04:39.978849
40101.7,0.7,15.45,0.7,2021-06-15 12:04:40.107284
40101.7,0.7,15.45,0.7,2021-06-15 12:04:40.203170
40101.7,0.7,15.45,0.7,2021-06-15 12:04:40.290331
40101.7,0.7,15.45,0.7,2021-06-15 12:04:40.397098
40101.7,0.7,15.45,0.7,2021-06-15 12:04:40.482861
40101.7,0.7,15.45,0.7,2021-06-15 12:04:40.621948
40101.7,0.7,15.45,0.7,2021-06-15 12:04:40.736593
40101.7,0.7,15.45,0.7,2021-06-15 12:04:40.828022
40101.7,0.7,15.45,0.7,2021-06-15 12:04:40.924528
40101.7,0.7,15.45,0.7,2021-06-15 12:04:41.021372
40101.7,0.7,15.45,0.7,2021-06-15 12:04:41.117560
40101.7,0.7,15.45,0.7,2021-06-15 12:04:41.213682
40101.7,0.7,15.45,0.7,2021-06-15 12:04:41.332616
40101.7,0.7,15.45,0.7,2021-06-15 12:04:41.452074
40101.7,0.7,15.45,0.7,2021-06-15 12:04:41.560913
40101.7,0.7,15.45,0.7,2021-06-15 12:04:41.661061
40101.7,0.7,15.45,0.7,2021-06-15 12:04:41.748650
40101.7,0.7,15.45,0.7,2021-06-15 12:04:41.867480
40101.7,0.7,15.45,0.7,2021-06-15 12:04:41.962975
40101.7,0.7,15.45,0.7,2021-06-15 12:04:42.044380
40101.7,0.7,15.45,0.7,2021-06-15 12:04:42.175885
40101.7,0.7,15.45,0.7,2021-06-15 12:04:42.273560
40101.7,0.7,15.45,0.7,2021-06-15 12:04:42.368285
40101.7,0.7,15.45,0.7,2021-06-15 12:04:42.472910
40101.7,0.7,15.45,0.7,2021-06-15 12:04:42.580993
40101.7,0.7,15.45,0.7,2021-06-15 12:04:42.687413
40101.7,0.7,15.45,0.7,2021-06-15 12:04:42.779885
40101.7,0.7,15.45,0.7,2021-06-15 12:04:42.882689
40101.7,0.7,15.45,0.7,2021-06-15 12:04:42.980210
40101.7,0.7,15.45,0.7,2021-06-15 12:04:43.071660
40101.7,0.7,15.45,0.7,2021-06-15 12:04:43.165764
40101.7,0.7,15.45,0.7,2021-06-15 12:04:43.265630
40101.7,0.7,15.45,0.7,2021-06-15 12:04:43.391661
40101.7,0.7,15.45,0.7,2021-06-15 12:04:43.491492
40101.7,0.7,15.45,0.7,2021-06-15 12:04:43.620381
40101.7,0.7,15.45,0.7,2021-06-15 12:04:43.712855
40101.7,0.7,15.45,0.7,2021-06-15 12:04:43.862899
40101.7,0.7,15.45,0.7,2021-06-15 12:04:43.945925
40101.7,0.7,15.45,0.7,2021-06-15 12:04:44.049127
40101.7,0.7,15.45,0.7,2021-06-15 12:04:44.154573
40101.7,0.7,15.45,0.7,2021-06-15 12:04:44.255083
40101.7,0.7,15.45,0.7,2021-06-15 12:04:44.391391
40101.7,0.7,15.45,0.7,2021-06-15 12:04:44.502277
40101.7,0.7,15.45,0.7,2021-06-15 12:04:44.593617
40101.7,0.7,15.45,0.7,2021-06-15 12:04:44.722910
40101.7,0.7,15.45,0.7,2021-06-15 12:04:44.806100
40101.7,0.7,15.45,0.7,2021-06-15 12:04:44.904360
40101.7,0.7,15.45,0.7,2021-06-15 12:04:45.011747
40101.7,0.7,15.45,0.7,2021-06-15 12:04:45.125871
40101.7,0.7,15.45,0.7,2021-06-15 12:04:45.216973
40101.7,0.7,15.45,0.7,2021-06-15 12:04:45.347954
40101.7,0.7,15.45,0.7,2021-06-15 12:04:45.424921
40101.7,0.7,15.45,0.7,2021-06-15 12:04:45.539032
40101.7,0.7,15.45,0.7,2021-06-15 12:04:45.626091
40101.7,0.7,15.45,0.7,2021-06-15 12:04:45.765139
40101.7,0.7,15.45,0.7,2021-06-15 12:04:45.861781
40101.7,0.7,15.45,0.7,2021-06-15 12:04:45.958106
40101.7,0.7,15.45,0.7,2021-06-15 12:04:46.047329
40101.7,0.7,15.45,0.7,2021-06-15 12:04:46.139775
40101.7,0.7,15.45,0.7,2021-06-15 12:04:46.230098
40101.7,0.7,15.45,0.7,2021-06-15 12:04:46.330452
40101.7,0.7,15.45,0.7,2021-06-15 12:04:46.428286
40101.7,0.7,15.45,0.7,2021-06-15 12:04:46.531813
40101.7,0.7,15.45,0.7,2021-06-15 12:04:46.621666
40101.7,0.7,15.45,0.7,2021-06-15 12:04:46.737060
40101.7,0.7,15.45,0.7,2021-06-15 12:04:46.841530
40101.7,0.7,15.45,0.7,2021-06-15 12:04:46.958002
40101.7,0.7,15.45,0.7,2021-06-15 12:04:47.076466
40101.7,0.7,15.45,0.7,2021-06-15 12:04:47.163931
40101.7,0.7,15.45,0.7,2021-06-15 12:04:47.263982
40101.7,0.7,15.45,0.7,2021-06-15 12:04:47.369216
40101.7,0.7,15.45,0.7,2021-06-15 12:04:47.512539
40101.7,0.7,15.45,0.7,2021-06-15 12:04:47.652370
40101.7,0.7,15.45,0.7,2021-06-15 12:04:47.758017
40101.7,0.7,15.45,0.7,2021-06-15 12:04:47.894556
40101.7,0.7,15.45,0.7,2021-06-15 12:04:48.044539
40101.7,0.7,15.45,0.7,2021-06-15 12:04:52.624012
40019.28,2.15,15.49,2.15,2021-06-15 12:13:59.904131
40007.85,2.14,15.47,2.14,2021-06-15 12:20:43.282369
